platform,job_title,category,skills_required,job_type,budget_usd,location_preference,duration_estimate,url
Freelancer.com,QUORA EXPERTS ONLY - Pay based on performance - up to $75 per hour,Mixed,"Article Rewriting, Article Writing, Content Writing, Quora, Research Writing",Fixed,11.0,Worldwide,Short-term,https://www.freelancer.com/projects/articles/quora-experts-only-pay-based
Freelancer.com,Invideo Video Creator Needed -- 2,Mixed,"Animation, Video Ads, Video Editing, Video Production, Video Services",Fixed,26.0,Worldwide,Short-term,https://www.freelancer.com/projects/video-services/invideo-video-creator-needed
Freelancer.com,Informational Educational Website Development,Mixed,"Graphic Design, HTML, PHP, Website Design",Fixed,80.0,Worldwide,Short-term,https://www.freelancer.com/projects/website-design/informational-educational-website-39509437
Freelancer.com,Flutter & Supabase Expense Tracker App,Mixed,"Android, Graphic Design, iPhone, Mobile App Development, User Interface / IA",Fixed,6.0,Worldwide,Short-term,https://www.freelancer.com/projects/mobile-app-development/flutter-supabase-expense-tracker-app
Freelancer.com,Brevo Email Automation Setup,Mixed,"Bulk Marketing, Email Handling, Email Marketing, Mailchimp, PHP",Fixed,51.0,Worldwide,Short-term,https://www.freelancer.com/projects/email-marketing/brevo-email-automation-setup
Freelancer.com,Emotional Modern-Day Romance Story,Mixed,"Article Writing, Book Writing, Creative Writing, Fiction, Ghostwriting",Fixed,15.0,Worldwide,Short-term,https://www.freelancer.com/projects/ghostwriting/emotional-modern-day-romance-story
Freelancer.com,2-Story Residential Floor Plan Design,Mixed,"3D Rendering, AutoCAD, Building Architecture, Home Design, Interior Design",Fixed,108.0,Worldwide,Short-term,https://www.freelancer.com/projects/building-architecture/story-residential-floor-plan-design
Freelancer.com,Actress required short videos,Mixed,"Data Entry, Fashion Modeling, Videography, Virtual Assistant",Fixed,20.0,Worldwide,Short-term,https://www.freelancer.com/projects/fashion-modeling/lead-actress-for-short-videos
Freelancer.com,Shopify Site Updations,Mixed,"eCommerce, HTML, Shopify, Shopify Templates, Website Design",Fixed,18.0,Worldwide,Short-term,https://www.freelancer.com/projects/shopify-site/shopify-site-updations
Freelancer.com,Comprehensive Women's Health and Wellness App,Mixed,"Graphic Design, iPhone, Mobile App Development, User Interface / IA, Website Design",Fixed,261.0,Worldwide,Short-term,https://www.freelancer.com/projects/iphone-app-development/comprehensive-women-health-wellness-app
Freelancer.com,Business Proposal PowerPoint,Mixed,"Brochure Design, Graphic Design, Marketing, Powerpoint, Presentations",Fixed,97.0,Worldwide,Short-term,https://www.freelancer.com/projects/brochure-design/business-proposal-powerpoint
Freelancer.com,https://www.freelancer.com/groups/general-announcements/feed/305566/comments,Mixed,"Facebook Marketing, Internet Marketing, Marketing, Social Media Marketing, Twitter",Fixed,307.0,Worldwide,Short-term,https://www.freelancer.com/projects/facebook-marketing/https-www-freelancer-com-groups
Freelancer.com,**Project Title**: Data Scraping for Professional Contact Details in Durg-RAIPUR District and Bhilai City,Mixed,"Data Entry, Data Mining, Excel, Web Scraping, Web Search",Fixed,21.0,Worldwide,Short-term,https://www.freelancer.com/projects/data-mining/project-title-data-scraping-for
Freelancer.com,Voice Recording & Whisper Transcription Development,Mixed,"Audio Services, English (US) Translator, Python, Software Architecture, Voice Talent",Fixed,86.0,Worldwide,Short-term,https://www.freelancer.com/projects/python/voice-recording-whisper-transcription
Freelancer.com,EMI Calculator - Android App Source Code,Mixed,"Android App Development, Android Studio, Coding, Java, Mobile App Development",Fixed,115.0,Worldwide,Short-term,https://www.freelancer.com/projects/mobile-app-development/emi-calculator-android-app-source
Freelancer.com,Passionate Content Writer,Mixed,"Article Writing, Blog, Content Writing, Copywriting, Ghostwriting",Fixed,6.0,Worldwide,Short-term,https://www.freelancer.com/projects/articles/passionate-content-writer-39509397
Freelancer.com,Thesis Refinement Specialist,Mixed,"Copy Typing, Copywriting, Creative Writing, Editing, Research Writing",Fixed,10.0,Worldwide,Short-term,https://www.freelancer.com/projects/editing/thesis-refinement-specialist
Freelancer.com,"Strong Python or full-stack developer  Experience with OpenAI, Google Sheets, and WordPress APIs  Skilled at PDF text/heading extraction",Mixed,"Google App Engine, JavaScript, PHP, Python, Software Architecture",Fixed,310.0,Worldwide,Short-term,https://www.freelancer.com/projects/python/strong-python-full-stack-developer
Freelancer.com,LinkedIn Content Strategy for Personal Branding,Mixed,"Article Writing, Content Writing, Copywriting, Creative Writing, Ghostwriting",Fixed,5.0,Worldwide,Short-term,https://www.freelancer.com/projects/content-writing/linkedin-content-strategy-for-personal
Freelancer.com,E-commerce Account Setup and Management,Mixed,"eCommerce, HTML, Shopify, Shopping Cart Integration, Website Design",Fixed,15.0,Worldwide,Short-term,https://www.freelancer.com/projects/ecommerce/commerce-account-setup-management
Freelancer.com,Tamil Zoho CRM Customization Expert Needed,Mixed,"CRM, HTML, Zoho CRM",Fixed,207.0,Worldwide,Short-term,https://www.freelancer.com/projects/crm/tamil-zoho-crm-customization-expert
Freelancer.com,Web Content Writer for ACME Website -- 2,Mixed,"Article Writing, Content Writing, Copywriting, Ghostwriting, Technical Writing",Fixed,556.0,Worldwide,Short-term,https://www.freelancer.com/projects/copywriting/web-content-writer-for-acme
Freelancer.com,WordPress Site Updating,Mixed,"Graphic Design, HTML, PHP, Website Design, WordPress",Fixed,72.0,Worldwide,Short-term,https://www.freelancer.com/projects/wordpress/wordpress-site-updating
Freelancer.com,Web Content Writer for ACME Website,Mixed,"Article Writing, Content Writing, Copywriting, Ghostwriting, Technical Writing",Fixed,562.0,Worldwide,Short-term,https://www.freelancer.com/projects/content-writing/web-content-writer-for-acme
Freelancer.com,Modern Pizza Restaurant Logo Design,Mixed,"Graphic Design, Illustration, Illustrator, Logo Design, Photoshop",Fixed,25.0,Worldwide,Short-term,https://www.freelancer.com/projects/graphic-design/modern-pizza-restaurant-logo-design-39509410
Freelancer.com,Comprehensive Amazon Account Overhaul,Mixed,"Amazon, Amazon Ads, Amazon Listings Optimization, Amazon Product Launch, Product Descriptions",Fixed,12.0,Worldwide,Short-term,https://www.freelancer.com/projects/product-descriptions/comprehensive-amazon-account-overhaul
Freelancer.com,Extract Numbers from Website,Mixed,"Data Entry, Data Mining, Excel, Web Scraping, Web Search",Fixed,1131.0,Worldwide,Short-term,https://www.freelancer.com/projects/web-scraping/extract-numbers-from-website
Freelancer.com,Amazon Merch SEO Optimization,Mixed,"Copywriting, Internet Marketing, Marketing, Product Descriptions, SEO",Fixed,405.0,Worldwide,Short-term,https://www.freelancer.com/projects/copywriting/amazon-merch-seo-optimization-39509386
Freelancer.com,Full Stack Dev for Bread Ambassador App,Mixed,"Frontend Development, Node.js, OAuth, Payment Gateway Integration, PostgreSQL, RESTful API",Fixed,1111.0,Worldwide,Short-term,https://www.freelancer.com/projects/nodejs/full-stack-dev-for-bread
Freelancer.com,Online Survey Distribution Specialist,Mixed,"Facebook Marketing, Market Research, Marketing, Research, Social Media Marketing",Fixed,10.0,Worldwide,Short-term,https://www.freelancer.com/projects/research/online-survey-distribution-specialist
Freelancer.com,Custom Food Delivery App Design,Mixed,"Android, iPhone, Mobile App Development, PHP, Website Design",Fixed,6798.0,Worldwide,Short-term,https://www.freelancer.com/projects/android/custom-food-delivery-app-design
Freelancer.com,Complete WordPress E-commerce Setup,Mixed,"eCommerce, HTML, Shopping Cart Integration, Website Design, WordPress",Fixed,230.0,Worldwide,Short-term,https://www.freelancer.com/projects/ecommerce/complete-wordpress-commerce-setup
Freelancer.com,Umrah & Desert Reels Creation,Mixed,"After Effects, Video Editing, Video Production, Video Services, Videography",Fixed,25.0,Worldwide,Short-term,https://www.freelancer.com/projects/video-editing/umrah-desert-reels-creation
Freelancer.com,Expert WP Developer Needed for Elementor,Mixed,"CSS, HTML, PHP, Website Design, WordPress",Fixed,12.0,Worldwide,Short-term,https://www.freelancer.com/projects/wordpress/expert-developer-needed-for-elementor
Freelancer.com,Professional Marketing Ebook Design,Mixed,"Adobe InDesign, Brochure Design, Graphic Design, Illustrator, Photoshop",Fixed,28.0,Worldwide,Short-term,https://www.freelancer.com/projects/graphic-design/professional-marketing-ebook-design
Freelancer.com,Fix Razorpay AutoPay in Flutter App,Mixed,"HTML, JavaScript, MySQL, PHP, Website Design",Fixed,26.0,Worldwide,Short-term,https://www.freelancer.com/projects/php/fix-razorpay-autopay-flutter-app
Freelancer.com,Creative Strategy Deck,Mixed,"Brochure Design, Corporate Identity, Graphic Design, Illustrator, Powerpoint",Fixed,22.0,Worldwide,Short-term,https://www.freelancer.com/projects/graphic-design/creative-strategy-deck
Freelancer.com,"Google My Business (GMB) Setup, Verification & Connected Google Service Alignment",Mixed,"Google Adwords, Google Analytics, Google Shopping, Internet Marketing, SEO",Fixed,70.0,Worldwide,Short-term,https://www.freelancer.com/projects/seo/google-business-gmb-setup-verification
Freelancer.com,Secure SMS Access,Mixed,"iPhone, Mobile App Development, Research",Fixed,148.0,Worldwide,Short-term,https://www.freelancer.com/projects/mobile-app-development/secure-sms-access
Freelancer.com,Product Catalogue & Wix Website Update,Mixed,"Brochure Design, Graphic Design, HTML, Website Design, Wix",Fixed,399.0,Worldwide,Short-term,https://www.freelancer.com/projects/website-design/product-catalogue-wix-website-update
Freelancer.com,Convert PNG Logo to SVG,Mixed,"Graphic Design, Illustrator, Logo Design, Photoshop, Vectorization",Fixed,22.0,Worldwide,Short-term,https://www.freelancer.com/projects/graphic-design/convert-png-logo-svg-39509384
Freelancer.com,Health & Wellness Blog Writer,Mixed,"Article Rewriting, Article Writing, Content Writing, Ghostwriting, SEO",Fixed,21.0,Worldwide,Short-term,https://www.freelancer.com/projects/articles/health-wellness-blog-writer-39509380
Freelancer.com,Real Estate Website Design for USA,Mixed,"Graphic Design, HTML, JavaScript, PHP, Website Design",Fixed,109.0,Worldwide,Short-term,https://www.freelancer.com/projects/php/real-estate-website-design-39509379
Freelancer.com,Amazon Merch SEO Optimization,Mixed,"Copywriting, Internet Marketing, Marketing, Product Descriptions, SEO",Fixed,323.0,Worldwide,Short-term,https://www.freelancer.com/projects/copywriting/amazon-merch-seo-optimization
Freelancer.com,Social Media Content Creator,Mixed,"Ghostwriting, Google Plus, Pinterest, Social Networking, Twitter",Fixed,217.0,Worldwide,Short-term,https://www.freelancer.com/projects/ghostwriting/social-media-content-creator-39509347
Freelancer.com,Shopify-eSIM Integration Development,Mixed,"HTML, JavaScript, PHP, Shopify, Shopify Templates",Fixed,535.0,Worldwide,Short-term,https://www.freelancer.com/projects/php/shopify-esim-integration-development
Freelancer.com,Sync & Fix WooCommerce and Social Shops -- 2,Mixed,"Facebook Product Catalog, Google Shopping, Instagram, WooCommerce, WordPress",Fixed,88.0,Worldwide,Short-term,https://www.freelancer.com/projects/wordpress/sync-fix-woocommerce-social-shops-39509367
Freelancer.com,Animated Interactive Website Character,Mixed,"3D Animation, After Effects, Animation, Graphic Design, Website Design",Fixed,348.0,Worldwide,Short-term,https://www.freelancer.com/projects/3d-animation/animated-interactive-website-character
Freelancer.com,Energetic YouTube Vlog Editor,Mixed,"After Effects, Video Editing, Video Production, Video Services, Videography",Fixed,7.0,Worldwide,Short-term,https://www.freelancer.com/projects/video-editing/energetic-youtube-vlog-editor
Freelancer.com,Health & Wellness Blog Writer,Mixed,"Article Rewriting, Article Writing, Content Writing, Ghostwriting, SEO",Fixed,21.0,Worldwide,Short-term,https://www.freelancer.com/projects/articles/health-wellness-blog-writer-39509380
Freelancer.com,Real Estate Website Design for USA,Mixed,"Graphic Design, HTML, JavaScript, PHP, Website Design",Fixed,109.0,Worldwide,Short-term,https://www.freelancer.com/projects/php/real-estate-website-design-39509379
Freelancer.com,Amazon Merch SEO Optimization,Mixed,"Copywriting, Internet Marketing, Marketing, Product Descriptions, SEO",Fixed,323.0,Worldwide,Short-term,https://www.freelancer.com/projects/copywriting/amazon-merch-seo-optimization
Freelancer.com,Social Media Content Creator,Mixed,"Ghostwriting, Google Plus, Pinterest, Social Networking, Twitter",Fixed,207.0,Worldwide,Short-term,https://www.freelancer.com/projects/ghostwriting/social-media-content-creator-39509347
Freelancer.com,Shopify-eSIM Integration Development,Mixed,"HTML, JavaScript, PHP, Shopify, Shopify Templates",Fixed,535.0,Worldwide,Short-term,https://www.freelancer.com/projects/php/shopify-esim-integration-development
Freelancer.com,Sync & Fix WooCommerce and Social Shops -- 2,Mixed,"Facebook Product Catalog, Google Shopping, Instagram, WooCommerce, WordPress",Fixed,88.0,Worldwide,Short-term,https://www.freelancer.com/projects/wordpress/sync-fix-woocommerce-social-shops-39509367
Freelancer.com,Animated Interactive Website Character,Mixed,"3D Animation, After Effects, Animation, Graphic Design, Website Design",Fixed,327.0,Worldwide,Short-term,https://www.freelancer.com/projects/3d-animation/animated-interactive-website-character
Freelancer.com,Energetic YouTube Vlog Editor,Mixed,"After Effects, Video Editing, Video Production, Video Services, Videography",Fixed,7.0,Worldwide,Short-term,https://www.freelancer.com/projects/video-editing/energetic-youtube-vlog-editor
Freelancer.com,WordPress Homepage Styling,Mixed,"CSS, HTML, PHP, Website Design, WordPress",Fixed,28.0,Worldwide,Short-term,https://www.freelancer.com/projects/wordpress/wordpress-homepage-styling-39509349
Freelancer.com,Modern Wooden Queen Bedframe,Mixed,"AutoCAD, Building Architecture, Graphic Design, Interior Design, Logo Design",Fixed,69.0,Worldwide,Short-term,https://www.freelancer.com/projects/graphic-design/modern-wooden-queen-bedframe
Freelancer.com,Sales Data Analysis,Mixed,"Excel, Python, SPSS Statistics, Statistical Analysis, Statistics",Fixed,11.0,Worldwide,Short-term,https://www.freelancer.com/projects/statistical-analysis/sales-data-analysis
Freelancer.com,Revamp and Enhance www.etherealcolours.com Website,Mixed,"Content Writing, eCommerce, Web Hosting, Website Design, Website Testing",Fixed,1190.0,Worldwide,Short-term,https://www.freelancer.com/projects/content-writing/revamp-enhance-www-etherealcolours-com
Freelancer.com,Raha App Development,Mixed,"Graphic Design, iPhone, Mobile App Development, PHP",Fixed,19.0,Worldwide,Short-term,https://www.freelancer.com/projects/mobile-app-development/raha-app-development
Freelancer.com,Thailand only - Part-Time SEO Specialist for Fashion,Mixed,"Article Writing, Copywriting, Internet Marketing, Link Building, SEO",Fixed,93.0,Worldwide,Short-term,https://www.freelancer.com/projects/copywriting/thailand-only-part-time-seo
Freelancer.com,Flutter WhatsApp Clone with whatsapp meta Business API,Mixed,"Flutter, Graphic Design, Mobile App Development, Software Architecture",Fixed,111.0,Worldwide,Short-term,https://www.freelancer.com/projects/mobile-app-development/flutter-whatsapp-clone-with-whatsapp
Freelancer.com,Traditional Indian Wedding Video Editor,Mixed,"After Effects, Video Editing, Video Production, Video Services, Videography",Fixed,232.0,Worldwide,Short-term,https://www.freelancer.com/projects/video-editing/traditional-indian-wedding-video-editor
Freelancer.com,Urban Environment Animation in Maya -- 2,Mixed,"3D Animation, 3D Modelling, 3D Rendering, Animation, Maya",Fixed,174.0,Worldwide,Short-term,https://www.freelancer.com/projects/rendering/urban-environment-animation-maya
Freelancer.com,Modern Minimalist Perfume Brand Design,Mixed,"Brochure Design, Corporate Identity, Covers & Packaging, Graphic Design, Logo Design",Fixed,3.0,Worldwide,Short-term,https://www.freelancer.com/projects/graphic-design/modern-minimalist-perfume-brand-design
Freelancer.com,Repair and Optimize Two Websites,Mixed,"Internet Marketing, Link Building, Magento, Network Administration, PHP, SEO, System Administration, Website Optimization, WordPress",Fixed,145.0,Worldwide,Short-term,https://www.freelancer.com/projects/internet-marketing/repair-optimize-two-websites
Freelancer.com,Website for ptsd/ mental health recognition and sesitivity workshop training and public speaking engagements,Mixed,"Graphic Design, PHP, User Interface / IA, Website Design, Website Development",Fixed,996.0,Worldwide,Short-term,https://www.freelancer.com/projects/graphic-design/website-for-ptsd-mental-health
Freelancer.com,Deploy Existing Golang Project -- 4,Mixed,"Ethereum, Golang, Java, Python, Rust",Fixed,53.0,Worldwide,Short-term,https://www.freelancer.com/projects/java/deploy-existing-golang-project-39509312
Freelancer.com,Social Media Content Creator & Manager,Mixed,"Facebook Marketing, Graphic Design, Social Media Marketing, Social Networking, Twitter",Fixed,325.0,Worldwide,Short-term,https://www.freelancer.com/projects/facebook-marketing/social-media-content-creator-manager-39509310
Freelancer.com,Noise Levels Calculation,Mixed,"Environmental Consulting, Environmental Engineering, Environmental Science, Sound Engineering, Thermal & Environmental Testing",Fixed,96.0,Worldwide,Short-term,https://www.freelancer.com/projects/environmental-engineering/noise-levels-calculation
Freelancer.com,Minimalist Monogram Logo Design,Mixed,"3D Design, Graphic Design, Illustrator, Logo Design, Photoshop",Fixed,15.0,Worldwide,Short-term,https://www.freelancer.com/projects/logo-design/minimalist-monogram-logo-design-39509306
Freelancer.com,Modern Training Basketball Shoe Design,Mixed,"Fashion Design, Graphic Design, Photoshop, T-Shirts, Website Design",Fixed,346.0,Worldwide,Short-term,https://www.freelancer.com/projects/graphic-design/modern-training-basketball-shoe-design
Freelancer.com,E-commerce Mobile Store Optimization Specialist,Mixed,"Facebook Marketing, Google Analytics, Google Shopping, Internet Marketing, Link Building",Fixed,99.0,Worldwide,Short-term,https://www.freelancer.com/projects/facebook-marketing/commerce-mobile-store-optimization
Freelancer.com,Vintage Wedding Photo Editing,Mixed,"Adobe Lightroom, Graphic Design, Photo Editing, Photoshop, Photoshop Design",Fixed,9.0,Worldwide,Short-term,https://www.freelancer.com/projects/adobe-lightroom/vintage-wedding-photo-editing-39509282
Freelancer.com,All-in-One Agency Website Design,Mixed,"Graphic Design, HTML, Logo Design, PHP, Website Design",Fixed,104.0,Worldwide,Short-term,https://www.freelancer.com/projects/website-design/all-one-agency-website-design
Freelancer.com,Creative Webflow Portfolio Design,Mixed,"CSS, HTML, HTML5, JavaScript, Website Design",Fixed,36.0,Worldwide,Short-term,https://www.freelancer.com/projects/website-design/creative-webflow-portfolio-design-39509299
Freelancer.com,Restore WordPress Site,Mixed,"CSS, HTML, PHP, Website Design, WordPress",Fixed,32.0,Worldwide,Short-term,https://www.freelancer.com/projects/wordpress/restore-wordpress-site-39509301
Freelancer.com,Bilingual image and pdf -- 2,Mixed,"Flyer Design, Graphic Design, Illustrator, Photoshop, Photoshop Design",Fixed,371.0,Worldwide,Short-term,https://www.freelancer.com/projects/graphic-design/bilingual-image-pdf
Freelancer.com,Intel-based Routing Software Development,Mixed,"Computer Security, Internet Security, Linux, Network Administration, System Admin",Fixed,515.0,Worldwide,Short-term,https://www.freelancer.com/projects/linux/intel-based-routing-software-development
Freelancer.com,Messaging Automation Website Development,Mixed,"HTML, JavaScript, Node.js, PHP, Website Design",Fixed,121.0,Worldwide,Short-term,https://www.freelancer.com/projects/php/messaging-automation-website-development
Freelancer.com,Vibrant Brand Awareness Video,Mixed,"After Effects, Animation, Graphic Design, Video Editing, Video Services",Fixed,11.0,Worldwide,Short-term,https://www.freelancer.com/projects/animation/vibrant-brand-awareness-video
Freelancer.com,Health & Wellness Article Editor,Mixed,"Article Rewriting, Article Writing, Editing, Ghostwriting, Proofreading",Fixed,217.0,Worldwide,Short-term,https://www.freelancer.com/projects/articles/health-wellness-article-editor
Freelancer.com,Local SEO for Video Production,Mixed,"Internet Marketing, Link Building, Marketing, Search Engine Marketing, SEO",Fixed,52.0,Worldwide,Short-term,https://www.freelancer.com/projects/seo/local-seo-for-video-production
Freelancer.com,Create a Unique AI-Generated Video for a Marketing Campaign,Mixed,"3D Animation, Animation, Artificial Intelligence, ChatGPT, Graphic Design",Fixed,250.0,Worldwide,Short-term,https://www.freelancer.com/contest/create-a-unique-aigenerated-video-for-a-marketing-campaign-2574010
Freelancer.com,"""Professional Hindi Story Writer — Emotional & Engaging Narratives"" - 14/06/2025 01:26 EDT",Mixed,"Content Writing, Fiction, Ghostwriting",Fixed,408.0,Worldwide,Short-term,https://www.freelancer.com/projects/content-writing/professional-hindi-story-writer-39509258
Freelancer.com,2D Animated Romantic AMV,Mixed,"Adobe Flash, After Effects, Animation, Graphic Design, Storyboard",Fixed,124.0,Worldwide,Short-term,https://www.freelancer.com/projects/animation/animated-romantic-amv
Freelancer.com,WoW Feature Promo Videos,Mixed,"After Effects, Video Editing, Video Production, Video Services, Videography",Fixed,111.0,Worldwide,Short-term,https://www.freelancer.com/projects/video-editing/wow-feature-promo-videos
Freelancer.com,Yii Expert for Booking Flow and otherfeatures to impement,Mixed,"MySQL, PHP, Website Design, Yii, Yii2",Fixed,107.0,Worldwide,Short-term,https://www.freelancer.com/projects/php/yii-expert-for-booking-flow
Freelancer.com,Tech CV with Infographics,Mixed,"Brochure Design, Graphic Design, Illustrator, Infographics, Photoshop",Fixed,13.0,Worldwide,Short-term,https://www.freelancer.com/projects/graphic-design/tech-with-infographics
Freelancer.com,"Wedding photos need to be photoshopped. Faces, smiles, eyes need to be fixed.",Mixed,"Adobe Lightroom, Photo Editing, Photography, Photoshop, Photoshop Design",Fixed,72.0,Worldwide,Short-term,https://www.freelancer.com/projects/photoshop/wedding-photos-need-photoshopped-faces
Freelancer.com,Modern Minimalist Sport Logo Design,Mixed,"Graphic Design, Illustration, Illustrator, Logo Design, Photoshop",Fixed,82.0,Worldwide,Short-term,https://www.freelancer.com/contest/modern-minimalist-sport-logo-design-2574298
Freelancer.com,Attractive CV Making  - 14/06/2025 01:33 EDT,Mixed,"Google Canvas, Word",Fixed,5.0,Worldwide,Short-term,https://www.freelancer.com/contest/attractive-cv-making-edt-2574296
Freelancer.com,Connect with Indian Micro-Influencers,Mixed,"Instagram, Instagram Marketing, Internet Marketing, Marketing, Social Media Marketing",Fixed,29.0,Worldwide,Short-term,https://www.freelancer.com/projects/social-media-marketing/connect-with-indian-micro-influencers
Freelancer.com,Portfolio Website with Python Web App -- 2,Mixed,"HTML, PHP, Python, Website Design, WordPress",Fixed,91.0,Worldwide,Short-term,https://www.freelancer.com/projects/python/portfolio-website-with-python-web-39509266
Freelancer.com,NFT Marketplace Development -- 2,Mixed,"Blockchain, Full Stack Development, Next.js, Smart Contracts, Web3.js",Fixed,37.0,Worldwide,Short-term,https://www.freelancer.com/projects/blockchain/nft-marketplace-development-39509265
Freelancer.com,Cricket Goods Website Banner Design,Mixed,"3D Design, Banner Design, Graphic Design, Photoshop, Website Design",Fixed,59.0,Worldwide,Short-term,https://www.freelancer.com/projects/3d-design/cricket-goods-website-banner-design
Freelancer.com,Manual Data Entry Specialist Needed,Mixed,"Copy Typing, Data Entry, Excel, PDF, Word",Fixed,11.0,Worldwide,Short-term,https://www.freelancer.com/projects/data-entry/manual-data-entry-specialist-needed-39509264
Freelancer.com,Portfolio Website with Python Web App -- 2,Mixed,"HTML, PHP, Python, Website Design, WordPress",Fixed,91.0,Worldwide,Short-term,https://www.freelancer.com/projects/python/portfolio-website-with-python-web-39509266
Freelancer.com,NFT Marketplace Development -- 2,Mixed,"Blockchain, Full Stack Development, Next.js, Smart Contracts, Web3.js",Fixed,37.0,Worldwide,Short-term,https://www.freelancer.com/projects/blockchain/nft-marketplace-development-39509265
Freelancer.com,Cricket Goods Website Banner Design,Mixed,"3D Design, Banner Design, Graphic Design, Photoshop, Website Design",Fixed,58.0,Worldwide,Short-term,https://www.freelancer.com/projects/3d-design/cricket-goods-website-banner-design
Freelancer.com,Manual Data Entry Specialist Needed,Mixed,"Copy Typing, Data Entry, Excel, PDF, Word",Fixed,11.0,Worldwide,Short-term,https://www.freelancer.com/projects/data-entry/manual-data-entry-specialist-needed-39509264
Freelancer.com,Educational Instagram Content Creation,Mixed,"Article Writing, Blog, Content Writing, Copywriting, Ghostwriting",Fixed,71.0,Worldwide,Short-term,https://www.freelancer.com/projects/content-writing/educational-instagram-content-creation
Freelancer.com,Wix E-commerce Store Development,Mixed,"eCommerce, Graphic Design, HTML, PHP, Website Design",Fixed,242.0,Worldwide,Short-term,https://www.freelancer.com/projects/website-design/wix-commerce-store-development
Freelancer.com,Family Retirement Video Creation,Mixed,"After Effects, Video Editing, Video Production, Video Services, Videography",Fixed,101.0,Worldwide,Short-term,https://www.freelancer.com/projects/video-editing/family-retirement-video-creation
Freelancer.com,FreePBX Integration Specialist,Mixed,"Asterisk PBX, Linux, PHP, Software Architecture, VoIP",Fixed,10.0,Worldwide,Short-term,https://www.freelancer.com/projects/asterisk-pbx/freepbx-integration-specialist
Freelancer.com,Tally Integration of Bank Statements,Mixed,"Accounting, Data Entry, Excel, Finance",Fixed,85.0,Worldwide,Short-term,https://www.freelancer.com/projects/accounting/tally-integration-bank-statements
Freelancer.com,Strapi v4 to v5 Upgrade,Mixed,"Next.js, Strapi",Fixed,519.0,Worldwide,Short-term,https://www.freelancer.com/projects/nextjs/strapi-upgrade
Freelancer.com,Female Editor for Short Story,Mixed,"Article Writing, Content Writing, Creative Writing, Ghostwriting, Proofreading",Fixed,10.0,Worldwide,Short-term,https://www.freelancer.com/projects/proofreading/female-editor-for-short-story
Freelancer.com,"Google ads, facebook ads, instagram ads",Mixed,"Advertising, Facebook Marketing, Google Adwords, Internet Marketing, Social Media Marketing",Fixed,364.0,Worldwide,Short-term,https://www.freelancer.com/projects/internet-marketing/google-ads-facebook-ads-instagram-39509247
Freelancer.com,2D Motion Graphics Animation,Mixed,"3D Animation, After Effects, Animation, Illustration, Motion Graphics",Fixed,77.0,Worldwide,Short-term,https://www.freelancer.com/projects/animation/motion-graphics-animation-39509242
Freelancer.com,SEO & Conversion Optimization for Travel Site,Mixed,"Internet Marketing, Link Building, Marketing, Search Engine Marketing, SEO",Fixed,59.0,Worldwide,Short-term,https://www.freelancer.com/projects/seo/seo-conversion-optimization-for-travel
Freelancer.com,Simple Laravel Video Website Development - Milestone Based【150 USD 3 Weeks 】,Mixed,"Graphic Design, Laravel, MySQL, Website Design",Fixed,166.0,Worldwide,Short-term,https://www.freelancer.com/projects/laravel/simple-laravel-video-website-development
Freelancer.com,Comprehensive Activewear Tech Pack Creation,Mixed,"Adobe Illustrator, Fashion Design, Fashion Modeling, Graphic Design, Product Design",Fixed,333.0,Worldwide,Short-term,https://www.freelancer.com/projects/fashion-design/comprehensive-activewear-tech-pack
Freelancer.com,B2B Sales Agent for Cocopeat Products,Mixed,"Communications, Marketing, Physical Site Survey, Sales, SEO",Fixed,137.0,Worldwide,Short-term,https://www.freelancer.com/projects/sales/sales-agent-for-cocopeat-products
Freelancer.com,Modern 2BHK Interior Design with 3D Walkthrough,Mixed,"3D Animation, 3D Modelling, 3D Rendering, 3ds Max, Interior Design",Fixed,87.0,Worldwide,Short-term,https://www.freelancer.com/projects/interior-design/modern-bhk-interior-design-with
Freelancer.com,Modern Red Media Logo Design,Mixed,"3D Design, Graphic Design, Logo Design, Photoshop, Photoshop Design",Fixed,12.0,Worldwide,Short-term,https://www.freelancer.com/projects/logo-design/modern-red-media-logo-design
Freelancer.com,B2B Sales Agent in China,Mixed,"Internet Marketing, Market Research, Marketing, Research, Sales",Fixed,118.0,Worldwide,Short-term,https://www.freelancer.com/projects/market-research/sales-agent-china
Freelancer.com,Sportswear Clothing Line Design,Mixed,"Fashion Design, Graphic Design, Illustration, Illustrator, Product Design",Fixed,90.0,Worldwide,Short-term,https://www.freelancer.com/projects/graphic-design/sportswear-clothing-line-design
Freelancer.com,"Versatile Graphic Designer for Ongoing, Sporadic Hourly Engagement",Mixed,"Adobe Illustrator, Branding, Flyer Design, Powerpoint, WordPress",Fixed,14.0,Worldwide,Short-term,https://www.freelancer.com/projects/adobe-illustrator/versatile-graphic-designer-for-ongoing
Freelancer.com,Startup Business Development Expert,Mixed,"Business Analysis, Business Plans, Business Writing, Market Research, Research Writing",Fixed,18.0,Worldwide,Short-term,https://www.freelancer.com/projects/business-analysis/startup-business-development-expert
Freelancer.com,CNC Programmer for Titanium Milling,Mixed,"Bluetooth Low Energy (BLE), Electronics, PCB Layout, Product Design, Software Architecture",Fixed,2147.0,Worldwide,Short-term,https://www.freelancer.com/projects/bluetooth-low-energy/cnc-programmer-for-titanium-milling
Freelancer.com,Portfolio Website with Python Web App,Mixed,"HTML, PHP, Python, Website Design, WordPress",Fixed,80.0,Worldwide,Short-term,https://www.freelancer.com/projects/python/portfolio-website-with-python-web
Freelancer.com,KiCad Mixed-Signal Circuit Design,Mixed,"Arduino, Electrical Engineering, Electronics, Microcontroller, PCB Layout",Fixed,108.0,Worldwide,Short-term,https://www.freelancer.com/projects/arduino/kicad-mixed-signal-circuit-design
Freelancer.com,Bookshelf Web-Based Platform Development,Mixed,"CSS, HTML, JavaScript, Website Design",Fixed,13.0,Worldwide,Short-term,https://www.freelancer.com/projects/html/bookshelf-web-based-platform-development
Freelancer.com,Automated Machinery Structural Design,Mixed,"Ansys, AutoCAD, CAD/CAM, Mechanical Engineering, Solidworks",Fixed,221.0,Worldwide,Short-term,https://www.freelancer.com/projects/ansys/automated-machinery-structural-design
Freelancer.com,Automated Sports Arbitrage Finder -- 3,Mixed,"C Programming, JavaScript, PHP, Python, Software Architecture",Fixed,137.0,Worldwide,Short-term,https://www.freelancer.com/projects/php/automated-sports-arbitrage-finder-39509214
Freelancer.com,Envato Subscription Access for Video Content,Mixed,"Adobe Flash, Video Broadcasting, Videography",Fixed,36.0,Worldwide,Short-term,https://www.freelancer.com/projects/video-broadcasting/envato-subscription-access-for-video
Freelancer.com,Traditional HYBRID PADDY & MAIZE Seed Bags Design,Mixed,"Brochure Design, Corporate Identity, Covers & Packaging, Graphic Design, Logo Design",Fixed,15.0,Worldwide,Short-term,https://www.freelancer.com/projects/graphic-design/traditional-hybrid-paddy-maize-seed
Freelancer.com,Chanana Real Estate Premium Framer Web Design,Mixed,"Framer, JavaScript, UI / User Interface, UX / User Experience, Website Design",Fixed,88.0,Worldwide,Short-term,https://www.freelancer.com/projects/website-design/chanana-real-estate-premium-framer
Freelancer.com,Client Document Rewrite. - 14/06/2025 00:39 EDT,Mixed,"Editorial Design, Website Development",Fixed,3.0,Worldwide,Short-term,https://www.freelancer.com/projects/editorial-design/client-document-rewrite-edt
Freelancer.com,Social Media Graphics Design - 14/06/2025 00:41 EDT,Mixed,"Banner Design, Graphic Design, Illustrator, Logo Design, Photoshop",Fixed,33.0,Worldwide,Short-term,https://www.freelancer.com/projects/banner-design/social-media-graphics-design-edt-39509194
Freelancer.com,Ethical Construction & Real Estate Logo,Mixed,"3D Design, Graphic Design, Illustrator, Logo Design, Photoshop",Fixed,21.0,Worldwide,Short-term,https://www.freelancer.com/projects/logo-design/ethical-construction-real-estate-logo
Freelancer.com,"Wall Retrofit Documentation for Inspection, very simple work since everything else of the structure has passed inspection -- 3",Mixed,"AutoCAD, CAD/CAM, Civil Engineering, Engineering",Fixed,96.0,Worldwide,Short-term,https://www.freelancer.com/projects/engineering/wall-retrofit-documentation-for-39509205
Freelancer.com,Marketing Asset Library Development. id250613,Mixed,"Brand Management, Content Development, Corporate Identity, Marketing, Marketing Strategy",Fixed,110.0,Worldwide,Short-term,https://www.freelancer.com/projects/marketing/marketing-asset-library-development
Freelancer.com,Fast and Accurate Data Entry Specialist,Mixed,"Copy Typing, Data Entry, Data Processing, Excel, Word",Fixed,67.0,Worldwide,Short-term,https://www.freelancer.com/projects/excel/fast-accurate-data-entry-specialist-39509197
Freelancer.com,Format 22 Image Pages into Word Document (₹250 Budget – 2 Hours Deadline),Mixed,"Graphic Design, PDF, Photoshop, Powerpoint, Word",Fixed,2.0,Worldwide,Short-term,https://www.freelancer.com/projects/word/format-image-pages-into-word
Freelancer.com,Urban Environment Animation in Maya,Mixed,"3D Animation, 3D Modelling, 3D Rendering, Animation, Maya",Fixed,6.0,Worldwide,Short-term,https://www.freelancer.com/projects/3d-modelling/urban-environment-animation-maya
Freelancer.com,Classic Timeless E-commerce Logo Design,Mixed,"3D Design, Graphic Design, Logo Design, Photoshop",Fixed,39.0,Worldwide,Short-term,https://www.freelancer.com/contest/classic-timeless-ecommerce-logo-design-2573750
Freelancer.com,Amazon Seller Setup Expert,Mixed,"Amazon Web Services, Data Entry, Data Processing, Web Search",Fixed,88.0,Worldwide,Short-term,https://www.freelancer.com/projects/amazon-web-services/amazon-seller-setup-expert-39509184
Freelancer.com,Website UX Overhaul,Mixed,"HTML, PHP, User Interface / IA, UX / User Experience, Website Design",Fixed,13.0,Worldwide,Short-term,https://www.freelancer.com/projects/graphic-design/website-overhaul-39509185
Freelancer.com,Hindi & English Data Entry Specialist,Mixed,"Copy Typing, Data Entry, Excel, Virtual Assistant, Word",Fixed,31.0,Worldwide,Short-term,https://www.freelancer.com/projects/data-entry/hindi-english-data-entry-specialist
Freelancer.com,Ionic/Angular Hybrid App Setup & Training,Mixed,"AngularJS, HTML5, Ionic Framework, Mobile App Development, PhoneGap",Fixed,173.0,Worldwide,Short-term,https://www.freelancer.com/projects/angular-js/ionic-angular-hybrid-app-setup
Freelancer.com,Healthcare Work Log Book Creation,Mixed,"Book Writing, Medical Writing",Fixed,84.0,Worldwide,Short-term,https://www.freelancer.com/projects/medical-writing/healthcare-work-log-book-creation
Freelancer.com,Outlook Email Recovery,Mixed,"Email Handling, Email Marketing, Microsoft, Microsoft Exchange, Microsoft Outlook",Fixed,21.0,Worldwide,Short-term,https://www.freelancer.com/projects/email-handling/outlook-email-recovery
Freelancer.com,Historic Book Cover Design,Mixed,"Brochure Design, Graphic Design, Illustrator, Logo Design, Photoshop",Fixed,60.0,Worldwide,Short-term,https://www.freelancer.com/projects/graphic-design/historic-book-cover-design
Freelancer.com,Interactive Quiz Creation Platform,Mixed,"CSS, Graphic Design, HTML, JavaScript, Website Design",Fixed,1202.0,Worldwide,Short-term,https://www.freelancer.com/projects/website-design/interactive-quiz-creation-platform
Freelancer.com,Full Stack Developer – Node.js / Next.js / PostgreSQL / MongoDB / React / Linux,Mixed,"JavaScript, Linux, Next.js, Node.js, NoSQL Couch & Mongo, REST API, Socket IO",Fixed,906.0,Worldwide,Short-term,https://www.freelancer.com/projects/nodejs/full-stack-developer-node-next
Freelancer.com,Referral application on Bubble.io,Mixed,"Bubble Developer, HTML, JavaScript, MySQL, PHP",Fixed,19.0,Worldwide,Short-term,https://www.freelancer.com/projects/bubble-developer/referral-application-bubble
Freelancer.com,Client Document Rewrite.,Mixed,"Editorial Design, Website Development",Fixed,2.0,Worldwide,Short-term,https://www.freelancer.com/projects/editorial-design/client-document-rewrite
Freelancer.com,Backend Developer Needed to Integrate Leonardo.ai API with Face Swapping Support for iOS App,Mixed,"Express JS, Laravel, Node.js, PHP, Python",Fixed,265.0,Worldwide,Short-term,https://www.freelancer.com/projects/php/backend-developer-needed-integrate
Freelancer.com,Temporary Employee Management Portal,Mixed,"HTML, MySQL, PHP, WordPress",Fixed,220.0,Worldwide,Short-term,https://www.freelancer.com/projects/php/temporary-employee-management-portal
Freelancer.com,Transform Face Photos,Mixed,"Illustration, Illustrator, Photo Editing, Photography, Photoshop",Fixed,78.0,Worldwide,Short-term,https://www.freelancer.com/projects/photoshop/transform-face-photos
Freelancer.com,Minimalistic Testimonial Slider,Mixed,"Graphic Design, HTML, JavaScript, PHP, Website Design",Fixed,10.0,Worldwide,Short-term,https://www.freelancer.com/projects/graphic-design/minimalistic-testimonial-slider-39509138
Freelancer.com,Serious Historical Documentary Editing,Mixed,"After Effects, Animation, Editing, Video Editing, Video Production",Fixed,4.0,Worldwide,Short-term,https://www.freelancer.com/projects/video-editing/serious-historical-documentary-editing
Freelancer.com,Minimalistic Testimonial Slider,Mixed,"Graphic Design, HTML5, JavaScript, PHP, Website Design",Fixed,10.0,Worldwide,Short-term,https://www.freelancer.com/projects/php/minimalistic-testimonial-slider
Freelancer.com,Sports Betting App Development,Mixed,"Android, Graphic Design, iPhone, Mobile App Development, User Interface / IA",Fixed,242.0,Worldwide,Short-term,https://www.freelancer.com/projects/iphone-app-development/sports-betting-app-development-39509146
Freelancer.com,Anesthesiology Personal Statement,Mixed,"Essay Writing, Medical Writing",Fixed,20.0,Worldwide,Short-term,https://www.freelancer.com/projects/essay-writing/anesthesiology-personal-statement
Freelancer.com,Spotify Usability Test,Mixed,"Android, Audio Services, iPhone, Mobile App Development, Testing / QA",Fixed,21.0,Worldwide,Short-term,https://www.freelancer.com/projects/android/spotify-usability-test
Freelancer.com,Elegant Logo Redesign for Beads for Bubs,Mixed,"3D Design, Graphic Design, Illustrator, Logo Design, Photoshop",Fixed,32.0,Worldwide,Short-term,https://www.freelancer.com/contest/elegant-logo-redesign-for-beads-for-bubs-2574264
Freelancer.com,3D Action Game Development on Unity,Mixed,"Game Development, Unity, Unity 3D",Fixed,20.0,Worldwide,Short-term,https://www.freelancer.com/projects/unity-3d/action-game-development-unity-39509142
Freelancer.com,Lynx Machine Tools Logo Design,Mixed,"Graphic Design, Illustrator, Logo Design, Photoshop",Fixed,32.0,Worldwide,Short-term,https://www.freelancer.com/contest/lynx-machine-tools-logo-design-2574261
Freelancer.com,Audio Enhancement and Assessment for Specific Conversations in a Clip,Mixed,"Audio Production, Audio Services, Editing, Sound Design, Video Editing",Fixed,106.0,Worldwide,Short-term,https://www.freelancer.com/projects/audio-production/audio-enhancement-assessment-for
Freelancer.com,"I need a full redesign of my web dashboard in Figma — clean, modern, and creative, with a fast turnaround.",Mixed,"Graphic Design, HTML, User Interface / IA, Website Design",Fixed,146.0,Worldwide,Short-term,https://www.freelancer.com/projects/graphic-design/need-full-redesign-web-dashboard
Freelancer.com,Data Analysis and Visualization Specialist - YOUR BID IS YOUR FINAL PRICE,Mixed,"Business Analysis, Data Entry, Data Mining, Data Processing, Excel",Fixed,13.0,Worldwide,Short-term,https://www.freelancer.com/projects/business-analysis/data-analysis-visualization-specialist
Freelancer.com,Custom Android Dialer App Development,Mixed,"Android, Java, Mobile App Development, Software Architecture",Fixed,295.0,Worldwide,Short-term,https://www.freelancer.com/projects/android/custom-android-dialer-app-development
Freelancer.com,iOS App Performance Fix,Mixed,"iPad, iPhone, Mobile App Development, Objective C, Swift",Fixed,73.0,Worldwide,Short-term,https://www.freelancer.com/projects/iphone-app-development/ios-app-performance-fix
Freelancer.com,Tour Guide Tipping Web App MVP,Mixed,"Graphic Design, HTML, Mobile App Development, PHP, Website Design",Fixed,335.0,Worldwide,Short-term,https://www.freelancer.com/projects/php/tour-guide-tipping-web-app
Freelancer.com,Laravel - Fixing on the existing form and check 1 api issue,Mixed,"HTML, Laravel, MySQL, PHP, Software Architecture",Fixed,16.0,Worldwide,Short-term,https://www.freelancer.com/projects/php/laravel-fixing-the-existing-form
Freelancer.com,Social Media Graphics Design - 13/06/2025 23:44 EDT,Mixed,"Banner Design, Graphic Design, Illustrator, Logo Design, Photoshop",Fixed,35.0,Worldwide,Short-term,https://www.freelancer.com/projects/banner-design/social-media-graphics-design-edt
Freelancer.com,Website with Invoicing System,Mixed,"Book Artist, Graphic Design, Illustrator, Invoicing, Website Design",Fixed,125.0,Worldwide,Short-term,https://www.freelancer.com/projects/website-design/website-with-invoicing-system
Freelancer.com,M1 Garand Silhouette Logo Design,Mixed,"Graphic Design, Illustration, Illustrator, Logo Design, Photoshop",Fixed,85.0,Worldwide,Short-term,https://www.freelancer.com/projects/logo-design/garand-silhouette-logo-design
Freelancer.com,Go High Level Survey Troubleshooting,Mixed,"CRM, Web Development",Fixed,140.0,Worldwide,Short-term,https://www.freelancer.com/projects/crm/high-level-survey-troubleshooting
Freelancer.com,Dental Case Letter Refinement,Mixed,"Article Rewriting, Editing, English Grammar, Proofreading, Research Writing",Fixed,90.0,Worldwide,Short-term,https://www.freelancer.com/projects/proofreading/dental-case-letter-refinement
Freelancer.com,Modern WordPress Portfolio Site,Mixed,"Graphic Design, HTML, PHP, Website Design, WordPress",Fixed,165.0,Worldwide,Short-term,https://www.freelancer.com/projects/website-design/modern-wordpress-portfolio-site
Freelancer.com,I need a unity developer for two projects,Mixed,"C# Programming, Game Development, iPhone, Mobile App Development, Unity 3D",Fixed,15.0,Worldwide,Short-term,https://www.freelancer.com/projects/unity-3d/need-unity-developer-for-two
Freelancer.com,Negative News Removal Specialist,Mixed,"Advertising, Article Writing, Content Writing, Ghostwriting, SEO",Fixed,215.0,Worldwide,Short-term,https://www.freelancer.com/projects/seo/negative-news-removal-specialist
Freelancer.com,Math & MATLAB Expert for Nonlinear Data,Mixed,"Algorithm, Electrical Engineering, Engineering, Mathematics, Matlab and Mathematica",Fixed,972.0,Worldwide,Short-term,https://www.freelancer.com/projects/matlab-mathematica/math-matlab-expert-for-nonlinear
Freelancer.com,Privacy-First Content Sharing App Development -- 2,Mixed,"AI Mobile App Development, Android, Google Firebase, iPhone, React Native",Fixed,7253.0,Worldwide,Short-term,https://www.freelancer.com/projects/android/privacy-first-content-sharing-app
Freelancer.com,Elevate 'Secluded Shores Glamping' Logo,Mixed,"3D Design, Graphic Design, Illustrator, Logo Design, Photoshop",Fixed,80.0,Worldwide,Short-term,https://www.freelancer.com/contest/elevate-secluded-shores-glamping-logo-2574254
Freelancer.com,Kerbal Space Program 2 Flag Design,Mixed,"Graphic Design, Illustration, Illustrator, Logo Design, Photoshop",Fixed,32.0,Worldwide,Short-term,https://www.freelancer.com/contest/kerbal-space-program-flag-design-2574257
Freelancer.com,"Custom PHP Coder, Junior Level Work Needed",Mixed,"HTML, JavaScript, MySQL, PHP, Website Design",Fixed,5.0,Worldwide,Short-term,https://www.freelancer.com/projects/php/custom-php-coder-junior-level-39509105
Freelancer.com,Social Media Graphics Design,Mixed,"Banner Design, Graphic Design, Illustrator, Logo Design, Photoshop",Fixed,34.0,Worldwide,Short-term,https://www.freelancer.com/projects/banner-design/social-media-graphics-design-39509081
Freelancer.com,High-Authority Backlink SEO Specialist,Mixed,"Internet Marketing, Link Building, Marketing, Search Engine Marketing, SEO",Fixed,307.0,Worldwide,Short-term,https://www.freelancer.com/projects/seo/high-authority-backlink-seo-specialist
Freelancer.com,GTA-Style Mobile Game,Mixed,"Android, Game Design, Game Development, Mobile App Development, Unity 3D",Fixed,1461.0,Worldwide,Short-term,https://www.freelancer.com/projects/unity-3d/gta-style-mobile-game
Freelancer.com,Shopify Dropshipping Store Development,Mixed,"eCommerce, Graphic Design, HTML, Shopping Cart Integration, Website Design",Fixed,97.0,Worldwide,Short-term,https://www.freelancer.com/projects/website-design/shopify-dropshipping-store-development-39509089
Freelancer.com,Finance Website & Digital Marketing,Mixed,"Facebook Marketing, Internet Marketing, Link Building, SEO, Social Media Marketing",Fixed,619.0,Worldwide,Short-term,https://www.freelancer.com/projects/facebook-marketing/finance-website-digital-marketing
Freelancer.com,Traditional Deck/Porch Renovation,Mixed,"3D Modelling, AutoCAD, Building Architecture, Home Design, Interior Design",Fixed,23.0,Worldwide,Short-term,https://www.freelancer.com/projects/building-architecture/traditional-deck-porch-renovation
Freelancer.com,Modern Single-Family House Plans,Mixed,"3D Rendering, AutoCAD, Engineering, Home Design",Fixed,611.0,Worldwide,Short-term,https://www.freelancer.com/projects/autocad/modern-single-family-house-plans
Freelancer.com,Health & Wellness Blog Posts,Mixed,"Article Writing, Content Writing, Internet Marketing, Link Building, SEO",Fixed,31.0,Worldwide,Short-term,https://www.freelancer.com/projects/articles/health-wellness-blog-posts-39509046
Freelancer.com,Airbnb Listing Optimization Expert Needed,Mixed,"Copywriting, Creative Writing, Internet Marketing, Marketing, SEO",Fixed,18.0,Worldwide,Short-term,https://www.freelancer.com/projects/copywriting/airbnb-listing-optimization-expert
Freelancer.com,Scale Solid Edge Part File -- 2,Mixed,"Manufacturing Design, Product Design",Fixed,11.0,Worldwide,Short-term,https://www.freelancer.com/projects/scale-solid-edge-part-file-39509075
Freelancer.com,"[Kobe, Japan] Hiring specimen collector for pre-employment drug testing  -- 3",Mixed,"Communications, Local Job, Odd Jobs",Fixed,130.0,Worldwide,Short-term,https://www.freelancer.com/projects/odd-jobs/kobe-japan-hiring-specimen-collector
Freelancer.com,Scale Solid Edge Part File,Mixed,"Manufacturing Design, Product Design",Fixed,9.0,Worldwide,Short-term,https://www.freelancer.com/projects/scale-solid-edge-part-file
Freelancer.com,"[Kobe, Japan] Hiring specimen collector for pre-employment drug testing  -- 2",Mixed,"Communications, Local Job, Odd Jobs",Fixed,130.0,Worldwide,Short-term,https://www.freelancer.com/projects/kobe-japan-hiring-specimen-collector
Freelancer.com,"[Milton keynes, England] Hiring specimen collector for pre-employment drug testing",Mixed,"Communications, Local Job, Odd Jobs",Fixed,60.0,Worldwide,Short-term,https://www.freelancer.com/projects/communications/milton-keynes-england-hiring-specimen
Freelancer.com,Personal Interview Videography,Mixed,"After Effects, Video Editing, Video Production, Video Services, Videography",Fixed,1500.0,Worldwide,Short-term,https://www.freelancer.com/projects/after-effects/personal-interview-videography
Freelancer.com,AAVE Sci-Fi Narration -- 2,Mixed,"Audio Production, Audio Services, Music, Sound Design, Voice Talent",Fixed,935.0,Worldwide,Short-term,https://www.freelancer.com/projects/voice-talent/aave-sci-narration
Freelancer.com,AAVE Sci-Fi Narration,Mixed,"Audio Production, Audio Services, Music, Sound Design, Voice Talent",Fixed,1062.0,Worldwide,Short-term,https://www.freelancer.com/projects/aave-sci-narration-fix
Freelancer.com,Service App Development,Mixed,"Graphic Design, Mobile App Development, MySQL, PHP, Website Design",Fixed,614.0,Worldwide,Short-term,https://www.freelancer.com/projects/php/service-app-development-39509062
Freelancer.com,Architectural Renovation Drafting,Mixed,"AutoCAD, Building Architecture, CAD/CAM, Drafting, Home Design",Fixed,330.0,Worldwide,Short-term,https://www.freelancer.com/projects/autocad/architectural-renovation-drafting
Freelancer.com,Professional Photographer Needed in Brisbane,Mixed,"Adobe Lightroom, Photo Editing, Photography, Photoshop, Photoshop Design",Fixed,26.0,Worldwide,Short-term,https://www.freelancer.com/projects/photo-editing/professional-photographer-needed-39509060
Freelancer.com,Comprehensive AI-Powered Mobile App Development,Mixed,"Django, Git, Java, MySQL, Python",Fixed,357.0,Worldwide,Short-term,https://www.freelancer.com/projects/python/comprehensive-powered-mobile-app
Freelancer.com,Design and create a complex historical Tree structure using Photoshop or similar tools,Mixed,"Banner Design, Graphic Design, Illustrator, Photoshop, Photoshop Design",Fixed,55.0,Worldwide,Short-term,https://www.freelancer.com/projects/banner-design/design-create-complex-historical-tree
Freelancer.com,Pet trading site for popular game in game pets (not nfts),Mixed,"Game Development, Graphic Design, Website Design",Fixed,95.0,Worldwide,Short-term,https://www.freelancer.com/projects/website-design/pet-trading-site-for-popular
Freelancer.com,Youth Program Videographer and Media Expert Needed,Mixed,"Instagram, Internet Marketing, Local Job, Photography, Social Media Marketing, Videography",Fixed,3000.0,Worldwide,Short-term,https://www.freelancer.com/projects/videography/youth-program-videographer-media-expert
Freelancer.com,Modern Welding Logo Design,Mixed,"3D Design, Graphic Design, Illustrator, Logo Design, Photoshop",Fixed,84.0,Worldwide,Short-term,https://www.freelancer.com/projects/logo-design/modern-welding-logo-design
Freelancer.com,Civic Loop Logo & Icon Design,Mixed,"Graphic Design, Icon Design, Illustrator, Logo Design, Photoshop",Fixed,64.0,Worldwide,Short-term,https://www.freelancer.com/contest/civic-loop-logo-amp-icon-design-2574237
Freelancer.com,Publish My Android App,Mixed,"Android, iPhone, Java, Mobile App Development, PHP",Fixed,395.0,Worldwide,Short-term,https://www.freelancer.com/projects/android/publish-android-app-39509027
Freelancer.com,Flutter Developer for Health Metrics App,Mixed,"Android, Flutter, iPhone, Mobile App Development, PostgreSQL",Fixed,1189.0,Worldwide,Short-term,https://www.freelancer.com/projects/mobile-app-development/flutter-developer-for-health-metrics
Freelancer.com,Vintage-Inspired Fashion Brand Logo,Mixed,"Graphic Design, Icon Design, Illustrator, Logo Design, Photoshop",Fixed,122.0,Worldwide,Short-term,https://www.freelancer.com/contest/vintageinspired-fashion-brand-logo-2574233
Freelancer.com,Next.js Development(frontend and backend) Internship,Mixed,"Full Stack Development, MERN, MERN Stack, MongoDB, Next.js",Fixed,124.0,Worldwide,Short-term,https://www.freelancer.com/projects/mongodb/next-development-frontend-backend
Freelancer.com,I am looking to recruit a digital marketing expert for a project called Titan Nine,Mixed,"Advertising, Facebook Marketing, Internet Marketing, Social Media Marketing, Social Networking",Fixed,1101.0,Worldwide,Short-term,https://www.freelancer.com/projects/social-media-marketing/looking-recruit-digital-marketing-expert
Freelancer.com,Engaging Promo Video Edit,Mixed,"Editing, Video Services, Videography",Fixed,228.0,Worldwide,Short-term,https://www.freelancer.com/projects/editing/engaging-promo-video-edit
Freelancer.com,Minimalist Brand Identity Logo,Mixed,"Corporate Identity, Graphic Design, Illustrator, Logo Design, Photoshop",Fixed,11.0,Worldwide,Short-term,https://www.freelancer.com/projects/logo-design/minimalist-brand-identity-logo-39509020
Freelancer.com,Set Up Make (Integromat) Make for Webflow & Memberstack -- 2,Mixed,"HTML, JavaScript, Make.com, PHP, Webflow",Fixed,188.0,Worldwide,Short-term,https://www.freelancer.com/projects/php/set-make-integromat-make-for-39509021
Freelancer.com,MIUI Dialer Installation on Xiaomi 14,Mixed,"Android, Asterisk PBX, Mobile App Development, Voice Talent, VoIP",Fixed,17.0,Worldwide,Short-term,https://www.freelancer.com/projects/voip/miui-dialer-installation-xiaomi
Freelancer.com,Pizza Restaurant Logo Design,Mixed,"Graphic Design, Illustration, Illustrator, Logo Design, Photoshop",Fixed,35.0,Worldwide,Short-term,https://www.freelancer.com/contest/pizza-restaurant-logo-design-2574230
Freelancer.com,Minimalist Arc Safety Logo Design,Mixed,"Graphic Design, Illustrator, Logo Design, Photoshop, Website Design",Fixed,36.0,Worldwide,Short-term,https://www.freelancer.com/contest/minimalist-arc-safety-logo-design-2574228
Freelancer.com,Bold Trucking Logo Design,Mixed,"Graphic Design, Illustrator, Logo Design, Photoshop",Fixed,18.0,Worldwide,Short-term,https://www.freelancer.com/projects/graphic-design/bold-trucking-logo-design
Freelancer.com,Shopify Website Cleanup,Mixed,"HTML, PHP, Shopify, Shopify Templates, Website Design",Fixed,102.0,Worldwide,Short-term,https://www.freelancer.com/projects/shopify-site/shopify-website-cleanup
Freelancer.com,G+1 Residential Structural Design,Mixed,"AutoCAD, Building Architecture, CAD/CAM, Civil Engineering, Structural Engineering",Fixed,96.0,Worldwide,Short-term,https://www.freelancer.com/projects/civil-engineering/residential-structural-design-39509009
Freelancer.com,Commission-Based Bidding Executive,Mixed,"Business Analysis, Business Analytics, Business Plans",Fixed,10.0,Worldwide,Short-term,https://www.freelancer.com/projects/business-analytics/commission-based-bidding-executive
Freelancer.com,Money-Earning Task App Development,Mixed,"Android, JavaScript, Kotlin, Mobile App Development, XML",Fixed,218.0,Worldwide,Short-term,https://www.freelancer.com/projects/android/money-earning-task-app-development
Freelancer.com,LinkedIn Profile Overhaul,Mixed,"Article Writing, Content Writing, Copywriting, Creative Writing, LinkedIn Profile",Fixed,95.0,Worldwide,Short-term,https://www.freelancer.com/projects/articles/linkedin-profile-overhaul
Freelancer.com,LinkedIn Banner Design -- 2,Mixed,"Banner Design, Graphic Design, Logo Design, Photoshop, Photoshop Design",Fixed,331.0,Worldwide,Short-term,https://www.freelancer.com/projects/graphic-design/linkedin-banner-design-39508990
Freelancer.com,API Integration for Wordpress Website Creation via InstaWP,Mixed,"HTML, JSON, PHP, Python, WordPress",Fixed,780.0,Worldwide,Short-term,https://www.freelancer.com/projects/wordpress/api-integration-for-wordpress-website
Freelancer.com,Gaming Video Editor Needed,Mixed,"After Effects, Video Editing, Video Production, Video Services, Videography",Fixed,110.0,Worldwide,Short-term,https://www.freelancer.com/projects/video-editing/gaming-video-editor-needed-39508985
Freelancer.com,Influencer Sales Specialist for Skin and Tan,Mixed,"Facebook Marketing, Internet Marketing, Marketing, Sales, Social Media Marketing",Fixed,658.0,Worldwide,Short-term,https://www.freelancer.com/projects/sales/influencer-sales-specialist-for-skin
Freelancer.com,Wedding Teaser Trailer Editor,Mixed,"After Effects, Video Editing, Video Production, Video Services, Videography",Fixed,205.0,Worldwide,Short-term,https://www.freelancer.com/projects/video-editing/wedding-teaser-trailer-editor
Freelancer.com,M365 to Business Premium Migration,Mixed,"Computer Security, Microsoft, Microsoft 365, System Administration, Virtual Assistant, Web Security",Fixed,26.0,Worldwide,Short-term,https://www.freelancer.com/projects/microsoft/business-premium-migration
Freelancer.com,LinkedIn Company Profile Revamp,Mixed,"Banner Design, Brochure Design, Graphic Design, Logo Design, Photoshop",Fixed,322.0,Worldwide,Short-term,https://www.freelancer.com/projects/graphic-design/linkedin-company-profile-revamp
Freelancer.com,Mexican Spanish Recording Project -- 5,Mixed,"Castilian Spanish Translator, English (US) Translator, French Translator, Spanish Translator, Translation",Fixed,4.0,Worldwide,Short-term,https://www.freelancer.com/projects/spanish-translator/mexican-spanish-recording-project-39508970
Freelancer.com,Assemble Loomie Triple Dresser,Mixed,"Carpentry, Furniture Assembly",Fixed,750.0,Worldwide,Short-term,https://www.freelancer.com/projects/carpentry/assemble-loomie-triple-dresser
Freelancer.com,Transform Web App to Mobile Platforms + iOS version,Mixed,"Android, HTML5, iPhone, Mobile App Development, PhoneGap",Fixed,18.0,Worldwide,Short-term,https://www.freelancer.com/projects/mobile-app-development/transform-web-app-mobile-platforms
Freelancer.com,EdTech Sales Executive Needed in Pune,Mixed,"Facebook Marketing, Internet Marketing, Marketing, Sales, Social Media Marketing",Fixed,6994.0,Worldwide,Short-term,https://www.freelancer.com/projects/social-media-marketing/edtech-sales-executive-needed-pune
Freelancer.com,Craft a Compelling SOP for Australia,Mixed,"Article Writing, Content Writing, Copywriting, Creative Writing, Ghostwriting",Fixed,69.0,Worldwide,Short-term,https://www.freelancer.com/projects/content-writing/craft-compelling-sop-for-australia
Freelancer.com,Project Wondr Brand manager,Mixed,"Content Writing, Editing, Graphic Design, Social Media Marketing, Video Editing",Fixed,122.0,Worldwide,Short-term,https://www.freelancer.com/projects/video-editing/project-wondr-brand-manager
Freelancer.com,Professional YouTube Video Editor [sample edit required with your bid],Mixed,"After Effects, Video Editing, Video Production, Video Services, Videography",Fixed,19.0,Worldwide,Short-term,https://www.freelancer.com/projects/video-editing/professional-youtube-video-editor-sample
Freelancer.com,E-commerce Site Development with Divi,Mixed,"eCommerce, JavaScript, PHP, Website Design, WordPress",Fixed,433.0,Worldwide,Short-term,https://www.freelancer.com/projects/website-design/commerce-site-development-with-divi
Freelancer.com,Modern Monochromatic Logo & Packaging Design,Mixed,"Corporate Identity, Graphic Design, Illustrator, Logo Design, Photoshop",Fixed,21.0,Worldwide,Short-term,https://www.freelancer.com/projects/graphic-design/modern-monochromatic-logo-packaging
Freelancer.com,Professional Recipe eBook Creation,Mixed,"Book Writing, Content Writing, eBooks, Ghostwriting, Graphic Design",Fixed,76.0,Worldwide,Short-term,https://www.freelancer.com/projects/ebooks/professional-recipe-ebook-creation
Freelancer.com,CFO Needed for AI SaaS Pricing Optimization,Mixed,"Accounting, Business Analysis, Excel, Finance, Financial Analysis",Fixed,129.0,Worldwide,Short-term,https://www.freelancer.com/projects/business-analysis/cfo-needed-for-saas-pricing
Freelancer.com,Exhibition Design Suite Needed,Mixed,"Brochure Design, Flyer Design, Graphic Design, Photoshop, Poster Design",Fixed,592.0,Worldwide,Short-term,https://www.freelancer.com/projects/brochure-design/exhibition-design-suite-needed
Freelancer.com,Reliable Freelance Promoters Needed,Mixed,"Flyer Design, Graphic Design, Logo Design, Marketing, Slogans",Fixed,12.0,Worldwide,Short-term,https://www.freelancer.com/projects/flyer-design/reliable-freelance-promoters-needed
Freelancer.com,Affordable Chess Blitz Wins,Mixed,"After Effects, Game Consoles, Game Design, Website Design",Fixed,5.0,Worldwide,Short-term,https://www.freelancer.com/projects/game-design/affordable-chess-blitz-wins
Freelancer.com,Need a mobile app developer,Mixed,"Android, iPhone, Mobile App Development, PHP, Software Architecture",Fixed,289.0,Worldwide,Short-term,https://www.freelancer.com/projects/php/need-mobile-app-developer-39508938
Freelancer.com,Entertainment Feature Story Writer,Mixed,"Article Writing, Book Writing, Content Writing, Creative Writing, Ghostwriting",Fixed,131.0,Worldwide,Short-term,https://www.freelancer.com/projects/ghostwriting/entertainment-feature-story-writer
Freelancer.com,Web3 Presale Page Developer Needed,Mixed,"Ethereum, React.js, Smart Contracts, Website Design",Fixed,159.0,Worldwide,Short-term,https://www.freelancer.com/projects/website-design/web-presale-page-developer-needed
Freelancer.com,Podcast and Speaking Engagements Promotion,Mixed,"Book Writing, Podcasting, Public Relations, Public Speaking, Social Media Marketing",Fixed,208.0,Worldwide,Short-term,https://www.freelancer.com/projects/book-writing/podcast-speaking-engagements-promotion
Freelancer.com,AI video generator mobile app,Mixed,"AI Mobile App Development, Android, API Integration, Frontend Development",Fixed,358.0,Worldwide,Short-term,https://www.freelancer.com/projects/ai-mobile-app-development/video-generator-mobile-app
Freelancer.com,Shopify Pet Store Setup,Mixed,"eCommerce, HTML, Shopify, Shopify Templates, Website Design",Fixed,187.0,Worldwide,Short-term,https://www.freelancer.com/projects/shopify-site/shopify-pet-store-setup
Freelancer.com,E-commerce Ads Specialist Needed,Mixed,"Advertising, Facebook Marketing, Google Adwords, Internet Marketing, SEO",Fixed,81.0,Worldwide,Short-term,https://www.freelancer.com/projects/advertising/commerce-ads-specialist-needed
Freelancer.com,Tech Support for Laptop Setup - 13/06/2025 20:52 EDT,Mixed,"Active Directory, Computer Support, Microsoft, Microsoft Exchange, Microsoft Outlook, Technical Support",Fixed,115.0,Worldwide,Short-term,https://www.freelancer.com/projects/active-directory/tech-support-for-laptop-setup
Freelancer.com,Bold Shopify Storefront Development,Mixed,"eCommerce, HTML, Shopify, Shopify Templates, Website Design",Fixed,21.0,Worldwide,Short-term,https://www.freelancer.com/projects/shopify-site/bold-shopify-storefront-development
Freelancer.com,"Sitemap discover, read, Indexing Fix Expert",Mixed,"HTML, PHP, SEO, WordPress, WordPress Plugin",Fixed,136.0,Worldwide,Short-term,https://www.freelancer.com/projects/wordpress/sitemap-discover-read-indexing-fix
Freelancer.com,Spa Website Development,Mixed,"Graphic Design, HTML, PHP, User Interface / IA, Website Design",Fixed,974.0,Worldwide,Short-term,https://www.freelancer.com/projects/website-design/spa-website-development-39508911
Freelancer.com,Looking for dutch editor,Mixed,"After Effects, Video Editing, Video Production, Video Services",Fixed,108.0,Worldwide,Short-term,https://www.freelancer.com/projects/video-services/looking-for-dutch-editor
Freelancer.com,AI-Powered E-commerce Video Generator,Mixed,"AI Mobile App Development, Android, HTML5, Mobile App Development",Fixed,267.0,Worldwide,Short-term,https://www.freelancer.com/projects/mobile-app-development/powered-commerce-video-generator
Freelancer.com,All in one newsletter playbook ʘ,Mixed,"Copywriting, Data Visualization, Newsletters, Pitch Deck Writing, Technical Writing",Fixed,14.0,Worldwide,Short-term,https://www.freelancer.com/projects/copywriting/all-one-newsletter-playbook-39508901
Freelancer.com,Bodycam Thumbnail Design,Mixed,"Animation, Banner Design, Graphic Design, Illustrator, Photoshop",Fixed,24.0,Worldwide,Short-term,https://www.freelancer.com/projects/graphic-design/bodycam-thumbnail-design
Freelancer.com,Need youtube editor,Mixed,"After Effects, Video Editing, Video Production, Video Services, Videography",Fixed,26.0,Worldwide,Short-term,https://www.freelancer.com/projects/video-editing/need-youtube-editor-39508899
Freelancer.com,Daily Snapchat Celebrity Content Creator (8-Min Videos) – Long-Term,Mixed,"Audio Production, Banner Design, Video Editing, Video Production, Videography",Fixed,382.0,Worldwide,Short-term,https://www.freelancer.com/projects/video-editing/daily-snapchat-celebrity-content-creator
Freelancer.com,Seeking Website Expert: What Can Be Improved on Our Religious Site?,Mixed,"Graphic Design, HTML, Website Audit, Website Design, Website Development",Fixed,147.0,Worldwide,Short-term,https://www.freelancer.com/projects/website-design/seeking-website-expert-what-can
Freelancer.com,2D Fantasy/Sci-Fi Anime Creation,Mixed,"2D Animation, Adobe Flash, Animated Video Development, Animation",Fixed,3490.0,Worldwide,Short-term,https://www.freelancer.com/projects/flash/fantasy-sci-anime-creation
Freelancer.com,E-commerce Website Development,Mixed,"eCommerce, HTML, PHP, Shopping Cart Integration, Website Design",Fixed,305.0,Worldwide,Short-term,https://www.freelancer.com/projects/website-design/commerce-website-development-39508892
Freelancer.com,"CLICKFUNNEL *EXPERT* wanted. Please bid only if you have a lot of experience, know how to implement upsell, downsell, optin, thankyou page, sales page, order page, email sequence",Mixed,"ClickFunnels, Funnel",Fixed,15.0,Worldwide,Short-term,https://www.freelancer.com/projects/clickfunnels/clickfunnel-expert-wanted-please-bid
Freelancer.com,Modern 3D Home Rendering,Mixed,"3D Animation, 3D Modelling, 3D Rendering, 3ds Max, Interior Design",Fixed,256.0,Worldwide,Short-term,https://www.freelancer.com/projects/3d-modelling/modern-home-rendering-39508887
Freelancer.com,Convert Hand Drawings to CAD,Mixed,"AutoCAD, Building Architecture, CAD/CAM, Drafting, Solidworks",Fixed,37.0,Worldwide,Short-term,https://www.freelancer.com/projects/autocad/convert-hand-drawings-cad
Freelancer.com,Modern Vibrant Bathtub Brochure Design,Mixed,"Brochure Design, Corporate Identity, Covers & Packaging, Graphic Design, Photoshop",Fixed,74.0,Worldwide,Short-term,https://www.freelancer.com/projects/graphic-design/modern-vibrant-bathtub-brochure-design
Freelancer.com,LinkedIn Carousel Design,Mixed,"Banner Design, Graphic Design, Illustrator, Logo Design, Photoshop",Fixed,107.0,Worldwide,Short-term,https://www.freelancer.com/projects/graphic-design/linkedin-carousel-design
Freelancer.com,Multiplatform App Marketing Specialist,Mixed,"Facebook Marketing, Google Plus, Internet Marketing, Social Media Marketing, Twitter",Fixed,19.0,Worldwide,Short-term,https://www.freelancer.com/projects/facebook-marketing/multiplatform-app-marketing-specialist
Freelancer.com,Graphic Design WordPress,Mixed,"CSS, Graphic Design, UX / User Experience, Website Design, WordPress",Fixed,409.0,Worldwide,Short-term,https://www.freelancer.com/projects/wordpress/graphic-design-wordpress
Freelancer.com,Katana MRP Data Entry Specialist Needed: Import Products & Update Operations/Recipes from Excel,Mixed,"Data Entry, Data Mining, Data Processing, Excel, Web Search",Fixed,18.0,Worldwide,Short-term,https://www.freelancer.com/projects/data-entry/katana-mrp-data-entry-specialist
Freelancer.com,Wikipedia Page Creation for Artist,Mixed,"Article Writing, Biography Writing, Editing, WIKI, Wikipedia",Fixed,203.0,Worldwide,Short-term,https://www.freelancer.com/projects/articles/wikipedia-page-creation-for-artist-39508865
Freelancer.com,Customer Service Phone Support,Mixed,"English Spelling, Voice Talent",Fixed,446.0,Worldwide,Short-term,https://www.freelancer.com/projects/voice-talent/customer-service-phone-support
Freelancer.com,Cartoonish Caricature for Celebration,Mixed,"Caricature & Cartoons, Graphic Design, Illustration, Illustrator, Photoshop",Fixed,28.0,Worldwide,Short-term,https://www.freelancer.com/projects/illustration/cartoonish-caricature-for-celebration
Freelancer.com,Golang and Rust Developer for a task,Mixed,"Bot Development, Golang, Rust, Software Architecture, Software Engineering",Fixed,144.0,Worldwide,Short-term,https://www.freelancer.com/projects/golang/golang-rust-developer-for-task
Freelancer.com,SharePoint User Directory with MS Search,Mixed,".NET, C# Programming, Microsoft, Microsoft Azure, Sharepoint",Fixed,156.0,Worldwide,Short-term,https://www.freelancer.com/projects/sharepoint/sharepoint-user-directory-with-search
Freelancer.com,Real Estate Web Content Editor,Mixed,"Article Writing, Content Writing, Copywriting, Editing, Ghostwriting",Fixed,120.0,Worldwide,Short-term,https://www.freelancer.com/projects/copywriting/real-estate-web-content-editor
Freelancer.com,Write Social Media Ads (P),Mixed,"Article Writing, Content Writing, Copywriting, Creative Writing, Social Media Marketing",Fixed,88.0,Worldwide,Short-term,https://www.freelancer.com/projects/articles/write-social-media-ads-39508854
Freelancer.com,Write Social Media Ads (C),Mixed,"Article Writing, Content Writing, Copywriting, Creative Writing, Social Media Marketing",Fixed,76.0,Worldwide,Short-term,https://www.freelancer.com/projects/articles/write-social-media-ads
Freelancer.com,Realistic Nature-Themed Album Cover,Mixed,"Graphic Design, Illustration, Illustrator, Photoshop",Fixed,91.0,Worldwide,Short-term,https://www.freelancer.com/projects/illustration/realistic-nature-themed-album-cover
Freelancer.com,Luxury Signature Logo Design,Mixed,"Graphic Design, Illustration, Illustrator, Logo Design, Photoshop",Fixed,10.0,Worldwide,Short-term,https://www.freelancer.com/contest/luxury-signature-logo-design-2574207
Freelancer.com,AI-Powered Invoice Reconciliation System Developer,Mixed,"Database Development, Java, MySQL, PHP, Software Architecture",Fixed,18.0,Worldwide,Short-term,https://www.freelancer.com/projects/php/powered-invoice-reconciliation-system-39508835
Freelancer.com,Health & Wellness Content Writer,Mixed,"Article Writing, Content Writing, Copywriting, Ghostwriting",Fixed,230.0,Worldwide,Short-term,https://www.freelancer.com/projects/articles/health-wellness-content-writer-39508825
Freelancer.com,Full-Time Angular Developer Needed,Mixed,"AngularJS, HTML, HTML5, JavaScript, Website Design",Fixed,487.0,Worldwide,Short-term,https://www.freelancer.com/projects/angular-js/full-time-angular-developer-needed-39508836
Freelancer.com,N8n Automation Specialist Needed -- 2,Mixed,"Data Entry, Data Mining, Excel, Python, Web Scraping",Fixed,136.0,Worldwide,Short-term,https://www.freelancer.com/projects/automation-specialist-needed-fix
Freelancer.com,Facebook Ad Campaign Troubleshooter,Mixed,"Facebook Marketing, Internet Marketing, Social Media Marketing",Fixed,335.0,Worldwide,Short-term,https://www.freelancer.com/projects/facebook-marketing/facebook-campaign-troubleshooter
Freelancer.com,Fix Google Sheets #REF! Error,Mixed,"Data Entry, Data Processing, Excel, Google Sheets",Fixed,98.0,Worldwide,Short-term,https://www.freelancer.com/projects/data-entry/fix-google-sheets-ref-error
Freelancer.com,Non-Binary Voice Actor for Thriller Podcast,Mixed,"Podcasting, Voice Acting, Voice Artist, Voice Talent",Fixed,10.0,Worldwide,Short-term,https://www.freelancer.com/contest/nonbinary-voice-actor-for-thriller-podcast-2574205
Freelancer.com,Shopify Store Conversion Optimization,Mixed,"Conversion Rate Optimization, Shopify",Fixed,152.0,Worldwide,Short-term,https://www.freelancer.com/projects/conversion-rate-optimization/shopify-store-conversion-optimization
Freelancer.com,Logo redesign and full stationery design,Mixed,"3D Design, Graphic Design, Illustrator, Logo Design, Photoshop",Fixed,137.0,Worldwide,Short-term,https://www.freelancer.com/contest/logo-redesign-and-full-stationery-design-2574203
Freelancer.com,3D Boxing Gym Scene Recreation - Blender + Unity,Mixed,"3D Animation, 3D Modelling, 3D Rendering, 3ds Max, Unity 3D",Fixed,300.0,Worldwide,Short-term,https://www.freelancer.com/contest/d-boxing-gym-scene-recreation-blender-unity-2574202
Freelancer.com,Actor Submissions for Castings - Talent Agency,Mixed,"Article Writing, Creative Writing",Fixed,5.0,Worldwide,Short-term,https://www.freelancer.com/projects/creative-writing/actor-submissions-for-castings-talent
Freelancer.com,International SEO Specialist Needed,Mixed,"Internet Marketing, Link Building, Marketing, Search Engine Marketing, SEO",Fixed,103.0,Worldwide,Short-term,https://www.freelancer.com/projects/seo/international-seo-specialist-needed-39508817
Freelancer.com,Golang Developer for API task,Mixed,"API Integration, Golang, Python, Software Architecture, Software Engineering",Fixed,16.0,Worldwide,Short-term,https://www.freelancer.com/projects/golang/golang-developer-for-api-task
Freelancer.com,Mid-Level Salesforce Account Manager Needed,Mixed,"Business Analysis, CRM, Salesforce App Development, Salesforce.com, SAP",Fixed,11.0,Worldwide,Short-term,https://www.freelancer.com/projects/salesforce-com/mid-level-salesforce-account-manager
Freelancer.com,Modern Minimalist Wordmark Logo Design,Mixed,"3D Design, Graphic Design, Illustrator, Logo Design, Photoshop",Fixed,84.0,Worldwide,Short-term,https://www.freelancer.com/projects/logo-design/modern-minimalist-wordmark-logo-design-39508810
Freelancer.com,CO2 Capture Simulation Optimization,Mixed,"Aspen HYSYS, Chemical Engineering, Mechanical Engineering, Process Simulation",Fixed,198.0,Worldwide,Short-term,https://www.freelancer.com/projects/mechanical-engineering/capture-simulation-optimization
Freelancer.com,Online Database Data Entry,Mixed,"Data Entry, Data Processing, Excel, Web Scraping, Web Search",Fixed,4.0,Worldwide,Short-term,https://www.freelancer.com/projects/excel/online-database-data-entry-39508814
Freelancer.com,Finance Guest Post Specialist - 13/06/2025 18:59 EDT,Mixed,"SEO Auditing, SEOMoz",Fixed,125.0,Worldwide,Short-term,https://www.freelancer.com/projects/seo-auditing/finance-guest-post-specialist-edt-39508775
Freelancer.com,Fluorescence Imaging Analysis Specialist,Mixed,"Mathematics, Matlab and Mathematica, SPSS Statistics, Statistical Analysis, Statistics",Fixed,23.0,Worldwide,Short-term,https://www.freelancer.com/projects/statistics/fluorescence-imaging-analysis-specialist
Freelancer.com,Python Data Analyst Needed,Mixed,"Data Extraction, Data Science, Data Scraping, Pandas, Python",Fixed,7.0,Worldwide,Short-term,https://www.freelancer.com/projects/python/python-data-analyst-needed-39508804
Freelancer.com,Web Designer Needed – Redesign Front-End (HTML/ERB/Java),Mixed,"Graphic Design, HTML, Java, User Interface / IA, Website Design",Fixed,152.0,Worldwide,Short-term,https://www.freelancer.com/projects/website-design/web-designer-needed-redesign-front
Freelancer.com,Swift App for Livestock Sales,Mixed,"iPad, Mobile App Development, Swift, UI / User Interface, UX / User Experience",Fixed,583.0,Worldwide,Short-term,https://www.freelancer.com/projects/mobile-app-development/swift-app-for-livestock-sales
Freelancer.com,Pharmaceutical SOP Writer Needed,Mixed,"Academic Writing, Article Writing, Content Writing, Copywriting, Report Writing",Fixed,67.0,Worldwide,Short-term,https://www.freelancer.com/projects/academic-writing/pharmaceutical-sop-writer-needed
Freelancer.com,Expert Web Developer for Ad Revenue Optimization,Mixed,"Graphic Design, HTML, PHP, Website Design, WordPress",Fixed,27.0,Worldwide,Short-term,https://www.freelancer.com/projects/php/expert-web-developer-for-revenue
Freelancer.com,Realistic Face Replacement on Photos,Mixed,"Graphic Design, Photo Editing, Photography, Photoshop, Photoshop Design",Fixed,81.0,Worldwide,Short-term,https://www.freelancer.com/projects/photoshop/realistic-face-replacement-photos
Freelancer.com,Realistic Basketball Game Development,Mixed,"Game Design, Game Development, Lua",Fixed,137.0,Worldwide,Short-term,https://www.freelancer.com/projects/game-design/realistic-basketball-game-development
Freelancer.com,Transport Services Website Development,Mixed,"Graphic Design, HTML, PHP, User Interface / IA, Website Design",Fixed,2003.0,Worldwide,Short-term,https://www.freelancer.com/projects/website-design/transport-services-website-development
Freelancer.com,Car Wash Website Design,Mixed,"Graphic Design, HTML, PHP, Website Design, WordPress",Fixed,178.0,Worldwide,Short-term,https://www.freelancer.com/projects/website-design/car-wash-website-design
Freelancer.com,"I need someone to design images, site banners, photo templates and  social media site.",Mixed,"Banner Design, Graphic Design, Photoshop, Photoshop Design, Website Design",Fixed,12.0,Worldwide,Short-term,https://www.freelancer.com/projects/graphic-design/need-someone-design-images-site
Freelancer.com,AI English Learning App for Developers,Mixed,"Artificial Intelligence, Flutter",Fixed,449.0,Worldwide,Short-term,https://www.freelancer.com/projects/flutter/english-learning-app-for-developers
Freelancer.com,Simple Wordpress and shopify projects,Mixed,"HTML, PHP, Shopify, Shopify Templates, Website Design",Fixed,7.0,Worldwide,Short-term,https://www.freelancer.com/projects/shopify-site/simple-wordpress-shopify-projects
Freelancer.com,Meta Ads Targeting Specialist,Mixed,"Advertising, Facebook Marketing, Internet Marketing, Leads, Social Media Marketing",Fixed,91.0,Worldwide,Short-term,https://www.freelancer.com/projects/advertising/meta-ads-targeting-specialist
Freelancer.com,Chrome Extension Licensing System Development,Mixed,"Express JS, Google Chrome, JavaScript, Node.js, PostgreSQL",Fixed,98.0,Worldwide,Short-term,https://www.freelancer.com/projects/google-chrome/chrome-extension-licensing-system
Freelancer.com,Multi-Task Virtual Assistant Needed,Mixed,"Customer Support, Data Entry, Microsoft Office, Social Media Management, Virtual Assistant",Fixed,5.0,Worldwide,Short-term,https://www.freelancer.com/projects/virtual-assistant/multi-task-virtual-assistant-needed-39508767
Freelancer.com,Facebook & Google Ads Setup,Mixed,"Advertising, Facebook Marketing, Google Adwords, Internet Marketing, Social Media Marketing",Fixed,467.0,Worldwide,Short-term,https://www.freelancer.com/projects/facebook-marketing/facebook-google-ads-setup
Freelancer.com,AI-Powered Invoice Reconciliation System Developer,Mixed,"Database Development, Java, MySQL, PHP, Software Architecture",Fixed,674.0,Worldwide,Short-term,https://www.freelancer.com/projects/php/powered-invoice-reconciliation-system
Freelancer.com,Dog Temp Monitor with Pi Zero,Mixed,"C Programming, C++ Programming, Electronics, Microcontroller, Python",Fixed,183.0,Worldwide,Short-term,https://www.freelancer.com/projects/electronics/dog-temp-monitor-with-zero
Freelancer.com,Eye-Catching Roadside Assistance Banner,Mixed,"Banner Design, Business Card Design, Graphic Design, Logo Design, Photoshop",Fixed,10.0,Worldwide,Short-term,https://www.freelancer.com/contest/eyecatching-roadside-assistance-banner-2574197
Freelancer.com,"Company Sourcing in São Mateus, Brazil",Mixed,"Data Entry, Excel, Internet Research, Research, Web Search",Fixed,17.0,Worldwide,Short-term,https://www.freelancer.com/projects/web-search/company-sourcing-mateus-brazil
Freelancer.com,Elegant Modern Trucking Logo Design,Mixed,"Graphic Design, Illustrator, Logo Design, Photoshop",Fixed,50.0,Worldwide,Short-term,https://www.freelancer.com/contest/elegant-modern-trucking-logo-design-2573661
Freelancer.com,Comprehensive Patient List Creation,Mixed,"Data Entry, Data Processing, Excel, Web Scraping, Web Search",Fixed,129.0,Worldwide,Short-term,https://www.freelancer.com/projects/excel/comprehensive-patient-list-creation
Freelancer.com,OSINT Middleware developer needed,Mixed,"Java, Linux, Node.js, PHP, Software Architecture",Fixed,142.0,Worldwide,Short-term,https://www.freelancer.com/projects/nodejs/osint-middleware-developer-needed
Freelancer.com,Automated Betting Script for Rebel Betting,Mixed,"C Programming, JavaScript, PHP, Python, Software Architecture",Fixed,519.0,Worldwide,Short-term,https://www.freelancer.com/projects/php/automated-betting-script-for-rebel
Freelancer.com,Clinical Note-Taking Web App POC,Mixed,"AI Text-to-speech, JavaScript, PostgreSQL, Python, Tailwind CSS",Fixed,1783.0,Worldwide,Short-term,https://www.freelancer.com/projects/ai-text-to-speech/clinical-note-taking-web-app
Freelancer.com,Facebook Sales Boost for Accounting Services,Mixed,"Facebook Marketing, Inbound Marketing, Lead Generation, Leads, Social Media Marketing",Fixed,37.0,Worldwide,Short-term,https://www.freelancer.com/projects/facebook-marketing/facebook-sales-boost-for-accounting
Freelancer.com,Multi-Task Computer Setup,Mixed,"Computer Support, Microsoft Outlook",Fixed,450.0,Worldwide,Short-term,https://www.freelancer.com/projects/computer-help/multi-task-computer-setup
Freelancer.com,Creative Proposal Card Template Design,Mixed,"Graphic Design, Illustrator, Logo Design, Photoshop, Photoshop Design",Fixed,52.0,Worldwide,Short-term,https://www.freelancer.com/projects/graphic-design/creative-proposal-card-template-design
Freelancer.com,Odoo E-commerce Site Development,Mixed,"eCommerce, HTML, Marketing, Odoo, Website Design",Fixed,23.0,Worldwide,Short-term,https://www.freelancer.com/projects/website-design/odoo-commerce-site-development-39508675
Freelancer.com,إنشاء منصة بطاقات الكترونية,Mixed,"CSS, HTML, Website Design, WordPress",Fixed,148.0,Worldwide,Short-term,https://www.freelancer.com/projects/website-design/project-39508738
Freelancer.com,Company Intro Video Enhancement,Mixed,"After Effects, Animation, Video Editing, Video Production, Video Services",Fixed,106.0,Worldwide,Short-term,https://www.freelancer.com/projects/video-editing/company-intro-video-enhancement
Freelancer.com,Computer and Monitor Setup,Mixed,"Computer Support, Microsoft Outlook",Fixed,106.0,Worldwide,Short-term,https://www.freelancer.com/projects/computer-help/computer-monitor-setup
Freelancer.com,Gather Contact Leads for Taxi Dispatch Companies,Mixed,"Data Entry, Excel, Leads, Web Scraping, Web Search",Fixed,42.0,Worldwide,Short-term,https://www.freelancer.com/projects/data-entry/gather-contact-leads-for-taxi
Freelancer.com,Beginner Spanish Teacher for Grammar and Writing,Mixed,"Castilian Spanish Translator, English (US) Translator, Proofreading, Spanish Translator, Translation",Fixed,16.0,Worldwide,Short-term,https://www.freelancer.com/projects/spanish-translator/beginner-spanish-teacher-for-grammar
Freelancer.com,Python expert required. Further details will be shared via PM,Mixed,"Linux, Machine Learning (ML), Python, Software Architecture, Statistics",Fixed,35.0,Worldwide,Short-term,https://www.freelancer.com/projects/python/python-expert-required-further-details
Freelancer.com,Live Coding Challenge: E-commerce Dev,Mixed,"Django, ERP, PostgreSQL, Python, Software Architecture",Fixed,172.0,Worldwide,Short-term,https://www.freelancer.com/projects/python/live-coding-challenge-commerce-dev
Freelancer.com,Install PeopleSoft FSCM 9.2 on Windows,Mixed,"PeopleSoft, System Admin",Fixed,151.0,Worldwide,Short-term,https://www.freelancer.com/projects/peoplesoft/install-peoplesoft-fscm-windows
Freelancer.com,Modern Barn House 3D Rendering,Mixed,"3D Animation, 3D Design, 3D Modelling, 3D Rendering, 3ds Max",Fixed,131.0,Worldwide,Short-term,https://www.freelancer.com/projects/3d-modelling/modern-barn-house-rendering
Freelancer.com,"Hunt a Job in Spain, Portugal or Italy - Guaranteed Job Offer is a Requirement -- 2",Mixed,"Human Resources, LinkedIn Recruiting, Recruitment, Technical Recruiter, Workday Talent & Recruiting",Fixed,400.0,Worldwide,Short-term,https://www.freelancer.com/projects/human-resources/hunt-job-spain-portugal-italy
Freelancer.com,Engaging Fitness Coach Video Ad,Mixed,"Advertisement Design, Animation, Graphic Design, Video Editing, Video Production",Fixed,30.0,Worldwide,Short-term,https://www.freelancer.com/projects/video-editing/engaging-fitness-coach-video
Freelancer.com,Versatile Virtual Assistant Needed,Mixed,"Facebook Marketing, Google Plus, Social Media Marketing, Twitter, Virtual Assistant",Fixed,2100.0,Worldwide,Short-term,https://www.freelancer.com/projects/facebook-marketing/versatile-virtual-assistant-needed-39508692
Freelancer.com,B2B Sales Cycle Concept Map Refinement,Mixed,"B2B Marketing, Leads, Marketing, Research, Sales",Fixed,23.0,Worldwide,Short-term,https://www.freelancer.com/projects/b2b-marketing/sales-cycle-concept-map-refinement
Freelancer.com,UI Redesign for AI Life Science Site,Mixed,"Graphic Design, HTML, Photoshop, User Interface / IA, Website Design",Fixed,20.0,Worldwide,Short-term,https://www.freelancer.com/projects/graphic-design/redesign-for-life-science-site
Freelancer.com,Produce/Mix & Master 1 song from our album,Mixed,"Audio Engineering, Mixing Engineering, Music",Fixed,875.0,Worldwide,Short-term,https://www.freelancer.com/projects/audio-engineering/produce-mix-master-song-from
Freelancer.com,Secure and Fix Corporate Website,Mixed,"Computer Security, Internet Security, PHP, Web Security",Fixed,14.0,Worldwide,Short-term,https://www.freelancer.com/projects/web-security/secure-fix-corporate-website
Freelancer.com,Flowise Queue Mode Setup Expert,Mixed,"Linux, n8n, Redis, System Admin, Ubuntu",Fixed,30.0,Worldwide,Short-term,https://www.freelancer.com/projects/linux/flowise-queue-mode-setup-expert
